City_ID,City,Country,Lat,Lng,Max Temp,Humidity,Cloudiness,Wind Speed,Current Description
0,arraial do cabo,BR,-22.9661,-42.0278,75.97,87,100,14.09,overcast clouds
1,punta arenas,CL,-53.15,-70.9167,44.01,65,0,3.44,clear sky
2,albany,US,42.6001,-73.9662,33.01,51,1,5.14,clear sky
3,busselton,AU,-33.65,115.3333,72.0,48,0,5.01,clear sky
4,bredasdorp,ZA,-34.5322,20.0403,64.4,82,97,3.44,overcast clouds
5,camalu,MX,30.85,-116.0667,50.0,61,13,1.01,few clouds
6,mataura,NZ,-46.1927,168.8643,73.0,44,28,18.99,scattered clouds
7,panama city,PA,8.9936,-79.5197,77.0,78,90,6.91,overcast clouds
8,cape town,ZA,-33.9258,18.4232,66.2,72,75,10.36,broken clouds
9,rikitea,PF,-23.1203,-134.9692,80.29,74,29,9.01,scattered clouds
10,east london,ZA,-33.0153,27.9116,71.6,78,20,5.75,few clouds
11,upernavik,GL,72.7868,-56.1549,-5.12,96,100,2.51,overcast clouds
12,kawhia,NZ,-38.0651,174.8183,80.01,50,0,1.99,clear sky
13,saint george,US,37.1041,-113.5841,48.99,66,90,3.44,overcast clouds
14,isangel,VU,-19.55,169.2667,82.4,83,90,9.22,light rain
15,dikson,RU,73.5069,80.5464,-22.67,96,100,14.88,overcast clouds
16,victoria,HK,22.2855,114.1577,72.0,82,77,3.0,broken clouds
17,sulangan,PH,11.1373,123.7228,81.05,74,48,0.94,scattered clouds
18,port alfred,ZA,-33.5906,26.891,69.01,85,52,1.01,broken clouds
19,necochea,AR,-38.5473,-58.7368,63.0,94,65,2.86,broken clouds
20,rawah,IQ,34.4816,41.9093,52.56,56,45,2.98,scattered clouds
21,jamestown,US,42.097,-79.2353,33.01,43,1,14.18,clear sky
22,kaduna,NG,10.5222,7.4383,72.97,25,100,2.3,overcast clouds
23,warrnambool,AU,-38.3833,142.4833,63.0,47,31,5.01,scattered clouds
24,ushuaia,AR,-54.8,-68.3,42.8,65,40,11.5,scattered clouds
25,mizque,BO,-17.941,-65.3402,56.05,92,63,0.83,broken clouds
26,narsaq,GL,60.9167,-46.05,26.6,63,75,2.3,broken clouds
27,thaba-tseka,LS,-29.522,28.6084,49.1,72,0,0.89,clear sky
28,husavik,IS,66.0449,-17.3389,21.2,86,40,3.44,light snow
29,lorengau,PG,-2.0226,147.2712,84.54,66,68,2.13,broken clouds
30,petropavlovsk-kamchatskiy,RU,53.0452,158.6483,35.6,44,19,11.18,few clouds
31,nikolskoye,RU,59.7035,30.7861,35.6,87,75,6.71,broken clouds
32,clyde river,CA,70.4692,-68.5914,-5.8,77,75,20.71,haze
33,olafsvik,IS,64.8945,-23.7142,28.94,74,100,13.87,overcast clouds
34,saldanha,ZA,-33.0117,17.9442,64.4,82,100,5.75,overcast clouds
35,caibarien,CU,22.5206,-79.4669,64.4,94,20,2.3,few clouds
36,new norfolk,AU,-42.7826,147.0587,64.0,44,44,7.0,scattered clouds
37,wadena,US,46.4425,-95.1361,39.2,60,91,11.5,overcast clouds
38,nouadhibou,MR,20.931,-17.0347,66.2,37,0,12.66,clear sky
39,maniitsoq,GL,65.4167,-52.9,9.82,64,68,6.58,broken clouds
40,grand gaube,MU,-20.0064,57.6608,78.01,91,100,1.99,light rain
41,vanavara,RU,60.34,102.2797,8.67,82,100,14.9,overcast clouds
42,altamira,BR,-3.2033,-52.2064,71.13,97,89,0.96,overcast clouds
43,ribeira grande,PT,38.5167,-28.7,61.65,87,99,28.72,overcast clouds
44,vila velha,BR,-20.3297,-40.2925,73.99,88,20,2.3,few clouds
45,saint-philippe,RE,-21.3585,55.7679,80.6,78,90,16.11,light rain
46,ketchikan,US,55.3422,-131.6461,32.0,93,90,3.44,light snow
47,puri,IN,19.8,85.85,82.4,61,0,3.44,haze
48,hobart,AU,-42.8794,147.3294,64.4,29,0,17.27,clear sky
49,kruisfontein,ZA,-34.0033,24.7314,66.99,83,90,1.99,overcast clouds
50,hilo,US,19.7297,-155.09,69.8,83,90,4.61,heavy intensity rain
51,honiara,SB,-9.4333,159.95,81.77,83,87,3.83,overcast clouds
52,barrow,US,71.2906,-156.7887,-5.8,65,1,13.8,clear sky
53,sagauli,IN,26.7833,84.7333,81.07,28,0,6.42,clear sky
54,astana,KZ,51.1801,71.446,-11.2,77,0,2.24,clear sky
55,bethel,US,41.3712,-73.414,37.4,32,1,8.05,clear sky
56,tiksi,RU,71.6872,128.8694,2.35,85,87,7.47,overcast clouds
57,benjamin constant,BR,-4.3831,-70.0311,77.0,100,75,1.79,light rain
58,geraldton,AU,-28.7667,114.6,91.4,24,0,17.27,clear sky
59,codrington,AU,-38.2667,141.9667,61.88,45,50,12.82,scattered clouds
60,butaritari,KI,3.0707,172.7902,80.91,80,85,11.83,overcast clouds
61,dindori,IN,22.95,81.0833,84.97,17,0,2.71,clear sky
62,itanhem,BR,-17.1664,-40.33,67.57,95,9,3.36,light rain
63,portland,US,45.5234,-122.6762,51.8,54,20,4.61,few clouds
64,atuona,PF,-9.8,-139.0333,79.59,63,30,6.26,scattered clouds
65,klaksvik,FO,62.2266,-6.589,41.0,87,40,25.32,scattered clouds
66,baruun-urt,MN,46.6806,113.2792,52.18,40,50,25.5,scattered clouds
67,vaini,TO,-21.2,-175.2,78.8,83,75,8.05,broken clouds
68,mahebourg,MU,-20.4081,57.7,80.6,83,40,16.11,light rain
69,mareeba,AU,-17.0,145.4333,91.0,51,91,11.5,overcast clouds
70,saskylakh,RU,71.9167,114.0833,-11.97,94,100,12.06,overcast clouds
71,cabedelo,BR,-6.9811,-34.8339,75.2,88,0,3.44,clear sky
72,yellowknife,CA,62.456,-114.3525,1.0,85,90,9.22,snow
73,general roca,AR,-39.0333,-67.5833,64.4,63,0,10.36,clear sky
74,kapaa,US,22.0752,-159.319,73.0,88,90,23.02,moderate rain
75,shakawe,BW,-18.3667,21.85,64.58,87,1,3.58,clear sky
76,washougal,US,45.5826,-122.3534,48.99,66,1,5.75,clear sky
77,wenling,CN,28.3669,121.36,68.0,69,0,6.06,clear sky
78,vestmannaeyjar,IS,63.4427,-20.2734,30.61,64,100,12.15,overcast clouds
79,labuhan,ID,-6.8844,112.2051,85.28,67,56,6.06,broken clouds
80,mar del plata,AR,-38.0023,-57.5575,64.99,88,0,3.44,clear sky
81,bilma,NE,18.6853,12.9164,73.42,13,0,5.32,clear sky
82,tuktoyaktuk,CA,69.4541,-133.0374,-11.2,84,90,9.22,light snow
83,castro,BR,-24.7911,-50.0119,62.65,93,15,3.29,few clouds
84,bluff,NZ,-46.6,168.3333,73.0,44,33,18.99,scattered clouds
85,severo-kurilsk,RU,50.6789,156.125,32.2,93,77,16.49,light snow
86,hermanus,ZA,-34.4187,19.2345,63.0,95,99,5.19,overcast clouds
87,norman wells,CA,65.282,-126.8329,-4.0,77,75,1.77,light snow
88,carnarvon,AU,-24.8667,113.6333,96.8,36,20,12.66,few clouds
89,namwala,ZM,-15.7504,26.4384,61.3,98,2,3.8,clear sky
90,arcata,US,40.8665,-124.0828,48.99,76,90,6.91,overcast clouds
91,jalu,LY,29.0331,21.5482,57.92,40,55,11.41,broken clouds
92,provideniya,RU,64.3833,-173.3,18.82,94,100,19.75,snow
93,hongjiang,CN,27.11,109.9956,71.2,68,93,2.84,overcast clouds
94,shiyan,CN,32.6475,110.7781,61.92,69,97,5.46,overcast clouds
95,noshiro,JP,40.2039,140.0242,41.0,100,75,5.75,broken clouds
96,kemijarvi,FI,66.7131,27.4306,17.49,95,99,3.87,overcast clouds
97,sitka,US,57.0531,-135.33,32.0,64,75,9.22,broken clouds
98,verkhnyaya inta,RU,65.9811,60.3094,14.63,93,90,11.16,overcast clouds
99,neiafu,TO,-18.65,-173.9833,84.2,74,40,5.75,scattered clouds
100,nacala,MZ,-14.5428,40.6728,73.98,95,100,5.21,overcast clouds
101,lerwick,GB,60.1545,-1.1494,41.0,87,90,28.77,overcast clouds
102,trofors,NO,65.5333,13.4063,33.8,80,75,1.14,broken clouds
103,moranbah,AU,-22.0016,148.0466,91.69,34,0,8.48,clear sky
104,mamallapuram,IN,12.6264,80.1722,82.4,69,20,5.75,few clouds
105,qaanaaq,GL,77.484,-69.3632,-4.7,65,100,9.24,overcast clouds
106,saint-augustin,CA,51.226,-58.6502,15.98,79,100,18.61,overcast clouds
107,ambilobe,MG,-13.2,49.05,75.74,91,41,1.86,scattered clouds
108,faanui,PF,-16.4833,-151.75,83.12,73,0,12.28,clear sky
109,christchurch,NZ,-43.5333,172.6333,69.8,56,0,13.8,clear sky
110,ishigaki,JP,24.3448,124.1572,71.6,60,75,11.5,broken clouds
111,mwense,ZM,-10.3845,28.698,65.34,96,99,2.66,light rain
112,hambantota,LK,6.1241,81.1185,86.0,74,40,13.8,scattered clouds
113,shenjiamen,CN,29.9576,122.298,54.5,78,0,8.93,clear sky
114,avarua,CK,-21.2078,-159.775,82.4,74,10,4.61,clear sky
115,barcelos,PT,41.5388,-8.6151,46.0,100,0,3.71,clear sky
116,kaili,ID,-3.4626,120.2147,81.97,63,18,3.11,few clouds
117,severodvinsk,RU,64.5635,39.8302,24.8,93,75,4.47,light snow
118,lucapa,AO,-8.4192,20.7447,63.41,91,95,3.44,overcast clouds
119,ilanskiy,RU,56.2358,96.065,7.92,87,100,20.94,overcast clouds
120,hithadhoo,MV,-0.6,73.0833,83.95,69,27,10.76,scattered clouds
121,komsomolskiy,UZ,40.4272,71.7189,41.0,56,75,16.11,light rain
122,ust-tsilma,RU,65.441,52.1498,19.62,94,90,7.56,light snow
123,nanortalik,GL,60.1432,-45.2371,27.3,74,100,6.91,overcast clouds
124,los llanos de aridane,ES,28.6585,-17.9182,64.4,72,90,9.22,overcast clouds
125,antalya,TR,36.7741,30.7178,50.0,76,75,4.61,broken clouds
126,khatanga,RU,71.9667,102.5,-16.42,89,91,14.92,overcast clouds
127,puerto ayora,EC,-0.7393,-90.3518,75.99,94,98,4.45,overcast clouds
128,pevek,RU,69.7008,170.3133,-2.76,95,99,5.1,overcast clouds
129,buala,SB,-8.145,159.5921,82.63,73,74,3.96,light rain
130,georgetown,MY,5.4112,100.3354,89.01,66,20,5.75,few clouds
131,sorland,NO,67.667,12.6934,41.76,85,94,11.68,overcast clouds
132,abu samrah,SY,35.3029,37.1841,45.19,76,62,2.06,broken clouds
133,sakakah,SA,29.9697,40.2064,46.4,61,0,3.44,clear sky
134,marsabit,KE,2.3284,37.9899,61.39,76,0,17.45,clear sky
135,slave lake,CA,55.2834,-114.769,41.0,56,75,10.36,broken clouds
136,santiago del estero,AR,-27.7951,-64.2615,68.38,70,51,2.53,broken clouds
137,honningsvag,NO,70.9821,25.9704,27.48,75,94,9.82,overcast clouds
138,shimoda,JP,34.6667,138.95,64.4,45,20,8.05,few clouds
139,carutapera,BR,-1.195,-46.02,75.13,91,59,3.8,broken clouds
140,ciudad real,ES,39.0,-4.0,42.01,79,0,4.68,clear sky
141,longyearbyen,SJ,78.2186,15.6401,3.2,60,40,10.36,scattered clouds
142,lukuledi,TZ,-10.5667,38.8,69.28,97,92,3.02,overcast clouds
143,ipora,BR,-16.4419,-51.1178,70.2,88,100,1.48,moderate rain
144,yala,TH,6.3333,101.25,89.6,58,20,9.22,few clouds
145,yerbogachen,RU,61.2767,108.0108,6.91,84,93,15.41,overcast clouds
146,chokurdakh,RU,70.6333,147.9167,-12.48,84,0,3.15,clear sky
147,santa maria,BR,-29.6842,-53.8069,64.4,94,0,5.75,clear sky
148,mehamn,NO,71.0357,27.8492,22.55,86,100,6.51,overcast clouds
149,manokwari,ID,-0.8667,134.0833,83.19,69,99,5.68,overcast clouds
150,boguchany,RU,58.3814,97.4531,12.16,82,100,14.63,overcast clouds
151,coquimbo,CL,-29.9533,-71.3436,59.0,88,20,2.3,few clouds
152,hasaki,JP,35.7333,140.8333,64.0,29,20,23.02,few clouds
153,airai,TL,-8.9266,125.4092,72.09,80,59,1.1,broken clouds
154,giyani,ZA,-23.3025,30.7187,65.52,95,36,4.99,scattered clouds
155,riyadh,SA,24.6877,46.7219,60.8,23,100,4.61,dust
156,alofi,NU,-19.0595,-169.9187,82.4,69,98,5.75,overcast clouds
157,trincomalee,LK,8.5711,81.2335,82.29,75,39,12.1,scattered clouds
158,teya,RU,60.3778,92.6267,10.72,84,100,10.85,overcast clouds
159,tchibanga,GA,-2.85,11.0333,73.53,99,100,1.74,light rain
160,pangnirtung,CA,66.1451,-65.7125,-10.84,96,100,0.47,overcast clouds
161,araouane,ML,18.9048,-3.5265,66.27,46,18,10.78,few clouds
162,axim,GH,4.8699,-2.2405,79.39,85,97,8.52,overcast clouds
163,muros,ES,42.7762,-9.0603,46.0,95,40,3.0,scattered clouds
164,cidreira,BR,-30.1811,-50.2056,73.67,87,6,10.31,clear sky
165,zhangjiakou,CN,40.81,114.8794,47.98,67,100,11.34,overcast clouds
166,lodja,CD,-3.4833,23.4333,69.96,97,100,1.43,overcast clouds
167,kant,IN,27.8,79.8,82.09,21,30,7.94,scattered clouds
168,lavrentiya,RU,65.5833,-171.0,12.04,88,100,15.5,snow
169,verkh-usugli,RU,52.7,115.1667,37.02,72,88,4.36,overcast clouds
170,ugoofaaru,MV,5.6667,73.0,83.41,75,45,16.49,scattered clouds
171,ipixuna,BR,-1.7625,-48.8043,75.2,94,0,4.61,clear sky
172,san cristobal,VE,7.7669,-72.225,65.55,93,24,1.28,few clouds
173,sovetskiy,RU,61.3614,63.5842,14.95,90,87,10.36,overcast clouds
174,shenzhen,CN,22.5455,114.0683,73.0,76,30,7.09,scattered clouds
175,kaitangata,NZ,-46.2817,169.8464,66.99,62,8,4.0,clear sky
176,kodiak,US,57.79,-152.4072,30.2,31,1,10.36,clear sky
177,kapit,MY,2.0167,112.9333,90.1,56,72,2.28,broken clouds
178,torbay,CA,47.6666,-52.7314,28.0,80,75,20.71,broken clouds
179,poum,NC,-20.2333,164.0167,80.94,69,100,9.13,overcast clouds
180,port elizabeth,ZA,-33.918,25.5701,68.0,83,0,10.36,clear sky
181,elmira,US,42.0898,-76.8077,35.6,38,1,6.91,clear sky
182,lagoa,PT,39.05,-27.9833,60.67,84,96,27.92,overcast clouds
183,ostrovnoy,RU,68.0531,39.5131,14.41,92,98,10.65,overcast clouds
184,raudeberg,NO,61.9875,5.1352,41.0,76,100,13.89,light rain
185,vigrestad,NO,58.5667,5.7,37.0,95,81,3.0,broken clouds
186,moron,AR,-34.6534,-58.6198,73.0,60,0,8.57,clear sky
187,bambous virieux,MU,-20.3428,57.7575,80.6,83,40,16.11,light rain
188,cherskiy,RU,68.75,161.3,-3.35,94,100,12.08,overcast clouds
189,tasiilaq,GL,65.6145,-37.6368,24.8,80,90,29.93,light snow
190,fortuna,US,40.5982,-124.1573,48.0,81,90,4.61,overcast clouds
191,cockburn town,TC,21.4612,-71.1419,75.51,75,0,21.32,clear sky
192,narrabri,AU,-30.3167,149.7833,66.2,88,75,13.8,light rain
193,hamilton,US,39.1834,-84.5333,42.01,80,1,1.86,clear sky
194,praia da vitoria,PT,38.7333,-27.0667,60.01,100,75,22.5,broken clouds
195,manaure,CO,11.7751,-72.4445,76.35,79,6,11.97,clear sky
196,havre-saint-pierre,CA,50.2334,-63.5986,12.2,52,1,11.5,clear sky
197,ubon ratchathani,TH,15.1667,105.1667,89.01,48,0,4.61,clear sky
198,bulgan,MN,48.8125,103.5347,20.89,30,96,32.08,overcast clouds
199,jiblah,YE,13.9216,44.1467,62.37,39,14,3.36,few clouds
200,tubuala,PA,9.5167,-79.0333,75.99,83,20,2.3,few clouds
201,atar,MR,20.5169,-13.0499,63.73,13,0,6.6,clear sky
202,the pas,CA,53.8251,-101.2541,26.6,46,90,6.91,overcast clouds
203,watford,GB,51.6553,-0.396,42.8,81,75,11.5,broken clouds
204,manggar,ID,-2.8833,108.2667,86.76,62,98,6.17,overcast clouds
205,zdunska wola,PL,51.5992,18.9397,39.99,79,88,3.0,overcast clouds
206,melbu,NO,68.5044,14.8297,36.0,95,97,5.01,overcast clouds
207,marienburg,PL,54.0359,19.0266,41.0,100,40,17.13,scattered clouds
208,chuy,UY,-33.6971,-53.4616,60.53,80,0,4.9,clear sky
209,ribeira brava,PT,32.65,-17.0667,57.99,89,100,1.99,overcast clouds
210,capitan bado,PY,-23.2667,-55.5333,76.55,55,89,0.69,overcast clouds
211,khokhlovo,RU,59.1492,37.3998,26.6,100,90,6.71,light snow
212,synya,RU,65.3718,58.0387,17.71,93,100,9.69,light snow
213,poopo,BO,-18.3667,-66.9667,44.67,72,98,7.25,overcast clouds
214,sechura,PE,-5.5569,-80.8222,77.81,69,62,11.77,broken clouds
215,prievidza,SK,48.7745,18.6275,43.0,100,100,2.13,overcast clouds
216,margate,GB,51.3813,1.3862,42.01,82,100,5.99,overcast clouds
217,alyangula,AU,-13.8483,136.4192,87.8,66,75,10.36,light rain
218,lompoc,US,34.6391,-120.4579,51.8,71,90,3.44,overcast clouds
219,aklavik,CA,68.2191,-135.0107,-13.0,77,24,6.91,few clouds
220,tagusao,PH,9.1924,117.8141,81.91,73,57,3.87,broken clouds
221,jati,PK,24.3539,68.2671,84.81,25,0,6.4,clear sky
222,yulara,AU,-25.2406,130.9889,73.4,43,90,16.11,overcast clouds
223,pontes e lacerda,BR,-15.2261,-59.3353,72.25,95,99,2.39,overcast clouds
224,ponta do sol,PT,32.6667,-17.1,57.99,71,100,1.01,overcast clouds
225,baykit,RU,61.67,96.37,6.1,73,96,13.62,overcast clouds
226,zeya,RU,53.75,127.2667,31.87,93,100,10.13,overcast clouds
227,iqaluit,CA,63.7506,-68.5145,-22.0,69,20,13.8,few clouds
228,broken hill,AU,-31.95,141.4333,64.4,25,0,20.71,clear sky
229,gander,CA,48.9682,-54.5906,24.8,93,90,10.36,light snow
230,port keats,AU,-14.25,129.55,89.08,63,99,3.91,overcast clouds
231,fairbanks,US,64.8378,-147.7164,6.01,65,1,4.21,clear sky
232,quatre cocos,MU,-20.2078,57.7625,80.6,83,40,16.11,light rain
233,rebricea,RO,46.8667,27.55,34.0,100,75,9.22,light snow
234,ballina,AU,-28.8667,153.5667,87.8,70,2,11.5,clear sky
235,shorewood,US,41.52,-88.2017,46.0,75,1,3.36,clear sky
236,northam,GB,51.0333,-4.2167,46.0,86,90,18.99,overcast clouds
237,kaeo,NZ,-35.1,173.7833,73.99,59,0,5.01,clear sky
238,kalabo,ZM,-14.97,22.6814,64.17,94,25,3.11,scattered clouds
239,luderitz,NA,-26.6481,15.1594,65.1,74,0,7.38,clear sky
240,ayr,GB,55.4627,-4.6339,41.0,78,9,3.0,light rain
241,bathsheba,BB,13.2167,-59.5167,78.8,69,40,10.36,scattered clouds
242,raga,SS,8.4596,25.678,73.24,27,100,2.73,overcast clouds
243,nyaunglebin,MM,17.95,96.7333,100.15,22,0,2.21,clear sky
244,cangzhou,CN,38.3167,116.8667,61.11,48,92,11.56,overcast clouds
245,port blair,IN,11.6667,92.75,86.0,74,20,6.91,mist
246,huarmey,PE,-10.0681,-78.1522,72.59,77,55,6.04,broken clouds
247,qui nhon,VN,13.7667,109.2333,79.47,69,3,12.77,clear sky
248,nanyamba,TZ,-10.6833,39.8333,73.4,100,20,8.05,few clouds
249,grafton,US,42.207,-71.6856,35.01,34,20,13.8,few clouds
250,bismarck,US,46.8083,-100.7837,43.0,42,1,9.22,clear sky
251,cabimas,VE,10.3883,-71.4399,78.8,74,72,16.42,broken clouds
252,lons-le-saunier,FR,46.75,5.75,36.0,93,89,4.0,light snow
253,broome,US,42.2506,-75.833,33.8,32,75,9.22,broken clouds
254,lata,PT,40.1629,-8.3327,51.01,91,0,3.31,clear sky
255,rawson,AR,-43.3002,-65.1023,61.07,62,77,18.61,broken clouds
256,moose factory,CA,51.2585,-80.6094,12.2,73,90,19.57,light snow
257,te anau,NZ,-45.4167,167.7167,64.89,55,77,11.01,broken clouds
258,rangpo,IN,27.1833,88.5333,84.94,31,3,3.02,clear sky
259,calvinia,ZA,-31.4707,19.776,61.88,32,11,1.57,few clouds
260,tateyama,JP,34.9833,139.8667,64.4,45,20,8.05,few clouds
261,khandagayty,RU,50.7333,92.05,4.5,71,0,5.57,clear sky
262,constitucion,CL,-35.3333,-72.4167,54.93,91,16,3.76,few clouds
263,tocopilla,CL,-22.092,-70.1979,68.67,81,5,5.5,clear sky
264,nuuk,GL,64.1835,-51.7216,15.8,73,75,13.8,broken clouds
265,kushima,JP,31.4583,131.2333,64.4,39,20,17.27,few clouds
266,calarasi,MD,47.2544,28.3081,34.0,100,75,9.22,mist
267,cabo san lucas,MX,22.8909,-109.9124,64.4,55,1,4.61,clear sky
268,port washington,US,40.8257,-73.6982,46.4,19,1,9.22,clear sky
269,tucuman,AR,-26.8241,-65.2226,69.8,94,90,2.15,overcast clouds
270,aguimes,ES,27.9054,-15.4461,64.4,77,75,16.11,broken clouds
271,arica,CL,-18.475,-70.3042,69.8,83,0,1.57,clear sky
272,la ronge,CA,55.1001,-105.2842,30.2,47,51,12.66,broken clouds
273,katsuura,JP,35.1333,140.3,64.4,29,20,19.57,few clouds
274,springbok,ZA,-29.6643,17.8865,60.1,51,77,3.24,broken clouds
275,progreso,MX,21.2833,-89.6667,77.0,65,1,9.22,clear sky
276,marzuq,YE,14.4,46.4667,65.17,22,1,3.31,clear sky
277,alexandria,EG,31.2156,29.9553,53.6,87,40,3.44,scattered clouds
278,marathon,US,44.9,-89.7668,44.6,49,1,8.05,clear sky
279,tura,IN,25.5198,90.2201,83.16,28,19,6.55,few clouds
280,prince rupert,CA,54.3161,-130.3201,33.8,86,90,5.75,snow
281,grindavik,IS,63.8424,-22.4338,23.0,74,40,2.3,scattered clouds
282,portree,GB,57.4129,-6.1942,39.99,82,57,18.01,broken clouds
283,tautira,PF,-17.7333,-149.15,87.01,66,40,3.44,scattered clouds
284,ahipara,NZ,-35.1667,173.1667,69.44,60,2,2.71,clear sky
285,sinnamary,GF,5.3833,-52.95,76.98,89,100,12.5,light rain
286,jibuti,DJ,11.5,42.5,77.0,78,40,3.44,scattered clouds
287,buchanan,LR,5.8808,-10.0467,77.58,89,80,10.42,moderate rain
288,peace river,CA,56.2501,-117.286,33.8,64,90,11.5,overcast clouds
289,evensk,RU,61.95,159.2333,3.51,74,69,2.82,broken clouds
290,mantua,IT,45.1667,10.7833,41.0,93,0,3.44,clear sky
291,batticaloa,LK,7.7102,81.6924,82.35,75,43,10.63,scattered clouds
292,puerto escondido,MX,15.85,-97.0667,78.28,74,0,4.68,clear sky
293,saint-georges,GD,12.0564,-61.7485,77.0,88,75,8.05,broken clouds
294,yeppoon,AU,-23.1333,150.7333,91.4,38,40,9.22,scattered clouds
295,kencong,ID,-8.2833,113.3667,86.4,62,93,4.74,overcast clouds
296,leningradskiy,RU,69.3833,178.4167,24.06,89,100,9.42,overcast clouds
297,meulaboh,ID,4.1363,96.1285,84.06,64,27,3.13,scattered clouds
298,malanje,AO,-9.5402,16.341,62.49,97,83,1.01,broken clouds
299,sabang,ID,5.8933,95.3214,83.55,72,62,13.13,broken clouds
300,ulladulla,AU,-35.35,150.4667,59.0,88,90,12.66,light rain
301,zhoucheng,CN,35.9122,116.3117,61.27,55,19,12.95,few clouds
302,penon blanco,MX,24.7897,-104.0369,62.94,24,82,16.26,broken clouds
303,fairfield,US,41.2668,-73.3162,39.0,32,1,8.05,clear sky
304,lobva,RU,59.1854,60.5185,13.86,80,96,11.79,overcast clouds
305,krasnoselkup,RU,65.7,82.4667,-7.37,96,92,16.89,overcast clouds
306,yangmei,CN,24.1023,112.5618,74.1,65,50,4.72,scattered clouds
307,fengzhen,CN,40.4394,113.1536,48.99,62,100,13.69,overcast clouds
308,lumphat,KH,13.4878,106.9816,93.88,27,0,7.58,clear sky
309,yar-sale,RU,66.8333,70.8333,8.2,89,99,9.57,overcast clouds
310,port hardy,CA,50.6996,-127.4199,44.6,87,90,21.85,moderate rain
311,matagami,CA,49.7502,-77.6328,14.0,85,75,16.11,light snow
312,cooma,AU,-36.2333,149.1333,53.6,62,90,17.27,overcast clouds
313,barra patuca,HN,15.8,-84.2833,75.47,80,7,6.17,clear sky
314,port hawkesbury,CA,45.6169,-61.3485,26.01,74,90,11.5,light snow
315,bubaque,GW,11.2833,-15.8333,78.44,60,64,5.57,broken clouds
316,kuryk,KZ,43.2,51.65,32.14,52,9,16.42,clear sky
317,chengzihe,CN,45.3333,131.0667,40.48,75,29,4.23,scattered clouds
318,souillac,MU,-20.5167,57.5167,80.6,83,40,16.11,light rain
319,joshimath,IN,30.5667,79.5667,61.84,20,87,3.04,overcast clouds
320,namibe,AO,-15.1961,12.1522,73.56,83,92,4.54,moderate rain
321,mount gambier,AU,-37.8333,140.7667,62.6,42,75,14.97,broken clouds
322,council bluffs,US,41.2619,-95.8608,46.4,76,90,11.5,moderate rain
323,ocho rios,JM,18.4025,-77.1048,77.0,78,20,2.3,few clouds
324,mount isa,AU,-20.7333,139.5,91.4,40,90,6.91,overcast clouds
325,bengkulu,ID,-3.8004,102.2655,84.47,64,81,6.64,broken clouds
326,cheremnoye,RU,53.1697,83.2133,-0.4,65,0,8.95,clear sky
327,garowe,SO,8.4054,48.4845,71.76,75,100,9.35,overcast clouds
328,kavaratti,IN,10.5669,72.642,83.41,69,77,9.01,broken clouds
329,zhezkazgan,KZ,47.8043,67.7144,5.94,74,100,13.62,overcast clouds
330,chipaque,CO,4.4425,-74.0442,51.8,93,40,2.3,scattered clouds
331,mozarlandia,BR,-14.7447,-50.5706,73.11,92,100,4.34,overcast clouds
332,dingle,PH,10.9995,122.6711,83.66,75,69,2.46,broken clouds
333,rio gallegos,AR,-51.6226,-69.2181,44.6,57,0,1.14,clear sky
334,gravdal,NO,68.1214,13.5031,40.08,88,99,10.13,overcast clouds
335,srednekolymsk,RU,67.45,153.6833,-9.13,87,58,3.0,broken clouds
336,alekseyevskoye,RU,55.3071,50.1135,10.4,79,100,15.66,snow
337,bone,DE,51.9669,12.1396,42.01,75,76,5.99,broken clouds
338,metu,ET,8.3,35.5833,59.9,85,75,3.2,broken clouds
339,flinders,AU,-34.5833,150.8552,61.0,83,100,7.0,light rain
340,brae,GB,60.3964,-1.353,41.0,87,90,28.77,overcast clouds
341,touros,BR,-5.1989,-35.4608,75.2,83,20,3.44,few clouds
342,monteagudo,BO,-19.8167,-63.9833,64.18,95,70,1.45,broken clouds
343,bytosh,RU,53.8186,34.0912,33.8,100,90,11.18,light snow
344,richards bay,ZA,-28.783,32.0377,71.31,86,0,10.54,clear sky
345,batsfjord,NO,70.6345,29.7185,21.79,90,100,3.33,light snow
346,naryan-mar,RU,67.6713,53.087,2.52,96,90,7.43,overcast clouds
347,caravelas,BR,-17.7125,-39.2481,73.85,90,7,3.36,clear sky
348,aripuana,BR,-9.1667,-60.6333,72.09,98,98,1.92,light rain
349,tutoia,BR,-2.7619,-42.2744,76.86,88,60,6.33,broken clouds
350,avera,US,33.194,-82.5271,62.6,72,1,5.75,clear sky
351,akdepe,TM,42.0551,59.3788,15.8,62,0,6.91,clear sky
352,salalah,OM,17.0151,54.0924,71.6,53,0,2.3,clear sky
353,vostok,RU,46.4856,135.8833,39.6,81,24,2.01,few clouds
354,beyneu,KZ,45.3167,55.2,22.71,49,40,7.61,scattered clouds
355,calabozo,VE,8.9242,-67.4293,78.94,64,68,4.03,broken clouds
356,nome,US,64.5011,-165.4064,12.2,67,90,31.07,snow
357,el paso,US,31.8001,-106.2005,46.4,31,20,14.97,few clouds
358,yumen,CN,40.2833,97.2,59.56,11,53,1.12,broken clouds
359,labrea,BR,-7.2586,-64.7981,73.33,96,76,1.59,broken clouds
360,gorontalo,ID,0.5412,123.0595,86.23,71,47,3.71,scattered clouds
361,acarau,BR,-2.8856,-40.12,77.04,87,89,5.55,overcast clouds
362,colares,PT,38.7992,-9.4469,51.01,81,0,12.66,clear sky
363,thompson,CA,55.7435,-97.8558,5.0,56,1,6.91,clear sky
364,acapulco,MX,16.8634,-99.8901,78.8,83,20,3.44,few clouds
365,krasnoye,UA,49.9145,24.6134,42.8,70,0,13.42,clear sky
366,onega,RU,63.9061,38.1404,27.28,97,100,4.47,light snow
367,lewisville,US,33.0462,-96.9942,71.6,56,75,17.27,broken clouds
368,ambon,ID,-3.6954,128.1814,91.4,58,40,6.91,scattered clouds
369,camabatela,AO,-8.1881,15.375,61.77,98,100,1.63,overcast clouds
370,gornopravdinsk,RU,60.05,69.9,9.7,94,51,8.86,broken clouds
371,peniche,PT,39.3558,-9.3811,48.99,87,8,1.99,clear sky
372,coos bay,US,43.3665,-124.2179,48.2,71,1,12.66,clear sky
373,maragogi,BR,-9.0122,-35.2225,77.31,80,7,8.88,clear sky
374,berlevag,NO,70.8578,29.0864,24.57,84,100,6.44,overcast clouds
375,ilulissat,GL,69.2167,-51.1,8.6,56,100,13.8,overcast clouds
376,bien hoa,VN,10.95,106.8167,87.8,51,20,5.75,few clouds
377,college,US,64.8569,-147.8028,6.01,55,1,8.05,clear sky
378,ginda,IN,30.6945,78.4932,68.0,60,93,3.78,haze
379,praia,CV,14.9215,-23.5087,66.2,88,0,9.22,clear sky
380,vao,NC,-22.6667,167.4833,76.82,77,91,18.32,overcast clouds
381,lebu,CL,-37.6167,-73.65,55.72,86,0,4.45,clear sky
382,mawlaik,MM,23.6333,94.4167,97.7,20,63,1.68,broken clouds
383,stromness,GB,58.965,-3.296,41.0,81,75,21.85,broken clouds
384,callaguip,PH,18.0714,120.4867,89.6,48,40,11.5,scattered clouds
385,cayenne,GF,4.9333,-52.3333,75.99,100,75,13.35,moderate rain
386,worland,US,44.0169,-107.9554,37.0,69,90,5.79,overcast clouds
387,beringovskiy,RU,63.05,179.3167,25.9,93,33,6.8,scattered clouds
388,victor harbor,AU,-35.5667,138.6167,66.99,40,65,10.56,broken clouds
389,khandyga,RU,62.6667,135.6,13.44,91,100,4.18,light snow
390,marsa matruh,EG,31.3525,27.2453,53.6,76,75,3.44,broken clouds
391,mazamitla,MX,19.9167,-103.0333,55.13,47,0,3.91,clear sky
392,turukhansk,RU,65.8167,87.9833,-18.85,90,100,17.36,overcast clouds
393,umm lajj,SA,25.0213,37.2685,70.34,59,64,8.61,broken clouds
394,bonavista,CA,48.6499,-53.1147,28.0,93,100,5.75,light snow
395,oksfjord,NO,70.2396,22.3479,26.6,93,100,3.44,light snow
396,dera ghazi khan,PK,30.0561,70.6348,75.92,38,1,5.08,clear sky
397,solnechnyy,RU,50.7214,136.6319,37.22,81,19,7.65,few clouds
398,manicore,BR,-5.8092,-61.3003,75.2,100,90,2.57,light rain
399,iracoubo,GF,5.4802,-53.2011,77.41,89,100,11.86,overcast clouds
400,mahon,ES,39.8885,4.2658,51.8,87,0,5.75,clear sky
401,sao joao da barra,BR,-21.6403,-41.0511,75.49,89,49,12.84,scattered clouds
402,san patricio,US,28.017,-97.5169,71.6,83,90,21.85,overcast clouds
403,north bend,US,43.4065,-124.2243,48.2,71,1,12.66,clear sky
404,kahului,US,20.8947,-156.47,71.6,83,90,11.5,light rain
405,boca do acre,BR,-8.7522,-67.3978,72.97,95,83,1.16,light rain
406,pontarlier,FR,46.8333,6.25,30.99,93,100,5.99,snow
407,mala vyska,UA,48.6431,31.6366,34.45,97,99,9.73,overcast clouds
408,salisbury,GB,51.0693,-1.7957,43.0,81,14,19.57,few clouds
409,ashtian,IR,34.5217,50.0019,33.19,74,1,2.28,clear sky
410,port lincoln,AU,-34.7333,135.8667,62.37,48,96,10.65,overcast clouds
411,bailleul,FR,50.7359,2.7359,41.0,89,75,12.08,light rain
412,poddorye,RU,57.4695,31.1156,30.88,94,98,7.23,overcast clouds
413,boende,CD,-0.2167,20.8667,71.65,97,100,1.3,overcast clouds
414,katangli,RU,51.7102,143.2326,34.21,98,80,12.28,broken clouds
415,tuensang,IN,26.2833,94.8333,76.82,47,82,1.25,broken clouds
416,mancio lima,BR,-7.6142,-72.8958,72.21,96,96,0.83,overcast clouds
417,didwana,IN,27.4,74.5667,82.26,22,20,3.91,few clouds
418,gorodets,RU,56.6514,43.475,23.0,86,90,11.18,snow
419,corinto,GR,37.9407,22.9573,50.0,65,100,1.99,overcast clouds
420,sambava,MG,-14.2667,50.1667,76.05,76,37,7.07,scattered clouds
421,shuyskoye,RU,59.3736,41.0305,19.99,94,95,8.14,snow
422,mishan,CN,45.55,131.8833,35.73,93,40,3.74,scattered clouds
423,morros,BR,-9.4467,-46.3003,71.06,88,0,1.68,clear sky
424,predivinsk,RU,57.0669,93.4378,8.04,85,100,12.1,overcast clouds
425,tanout,NE,14.9709,8.8879,76.33,16,1,11.61,clear sky
426,pililla,PH,14.4854,121.3062,88.0,70,75,4.61,broken clouds
427,morvi,IN,22.8167,70.8333,84.2,32,0,9.1,smoke
428,tahoua,NE,14.8888,5.2692,77.0,22,18,2.3,dust
429,natal,BR,-5.795,-35.2094,77.0,78,20,4.61,few clouds
430,sola,VU,-13.8833,167.55,78.8,94,90,11.99,heavy intensity rain
431,palmer,US,42.1584,-72.3287,33.01,40,75,6.71,broken clouds
432,bandarbeyla,SO,9.4942,50.8122,78.42,73,94,9.48,overcast clouds
433,jacksonville,US,30.3322,-81.6556,66.2,63,1,5.75,clear sky
434,launceston,AU,-41.45,147.1667,64.0,36,40,17.27,scattered clouds
435,ayan,RU,56.45,138.1667,28.72,79,100,1.74,overcast clouds
436,tuatapere,NZ,-46.1333,167.6833,73.0,44,65,18.99,broken clouds
437,valdepenas,ES,38.7621,-3.3848,42.01,79,0,4.47,clear sky
438,opuwo,NA,-18.0607,13.84,65.97,74,6,5.12,light rain
439,herat,AF,34.5,62.0,30.2,86,90,5.75,overcast clouds
440,tiznit,MA,29.5833,-9.5,59.95,58,100,1.34,overcast clouds
441,padang,ID,-0.9492,100.3543,86.0,74,20,4.61,few clouds
442,puebla,MX,18.8333,-98.0,63.82,45,0,7.02,clear sky
443,koutsouras,GR,35.0339,25.9469,55.99,78,100,3.44,overcast clouds
444,katobu,ID,-4.9408,122.5276,88.68,58,85,3.94,overcast clouds
445,svetlogorsk,BY,52.6333,29.7333,36.52,94,100,13.4,overcast clouds
446,nuoro,IT,40.3211,9.3297,51.8,46,0,9.22,clear sky
447,kavieng,PG,-2.5744,150.7967,84.6,61,57,3.13,broken clouds
448,banjar,ID,-8.19,114.9675,89.6,66,40,8.05,scattered clouds
449,west bay,KY,19.3667,-81.4167,79.0,78,0,8.05,clear sky
450,hay river,CA,60.8156,-115.7999,5.0,78,100,9.22,light snow
451,lovozero,RU,68.005,35.0117,13.87,85,97,3.11,overcast clouds
452,french harbor,HN,16.35,-86.4333,75.99,83,20,5.75,few clouds
453,qasigiannguit,GL,68.8193,-51.1922,8.6,56,97,13.8,overcast clouds
454,kempen,DE,51.3667,6.4167,39.99,81,75,8.05,broken clouds
455,saint-pierre,RE,-21.3393,55.4781,80.6,78,90,16.11,light rain
456,lalsk,RU,60.7415,47.5862,17.78,92,100,11.12,light snow
457,anjiang,CN,27.3194,110.1031,72.45,66,86,1.97,overcast clouds
458,muyezerskiy,RU,63.9333,31.65,29.8,93,100,7.25,overcast clouds
459,nanakuli,US,21.3906,-158.1547,75.0,73,90,9.22,light rain
460,vanimo,PG,-2.6741,141.3028,83.77,78,61,6.82,broken clouds
461,campobello di mazara,IT,37.6358,12.7443,50.0,100,0,4.61,clear sky
462,ushumun,RU,52.7833,126.5333,36.9,96,100,13.62,overcast clouds
463,hami,CN,42.8,93.45,60.51,21,46,13.49,moderate rain
464,itarema,BR,-2.9248,-39.9167,76.78,87,81,5.39,broken clouds
465,vung tau,VN,10.346,107.0843,83.12,58,70,6.91,broken clouds
466,masumbwe,TZ,-3.6333,32.1833,59.94,81,75,2.59,broken clouds
467,zhigansk,RU,66.7697,123.3711,7.88,89,92,11.83,overcast clouds
468,marawi,PH,7.9986,124.2928,82.99,81,96,8.01,overcast clouds
469,oleksandrivka,UA,48.9634,32.2349,34.5,97,98,11.74,overcast clouds
470,cordoba,AR,-31.4135,-64.1811,73.0,88,0,5.75,clear sky
471,wajima,JP,37.4,136.9,48.2,53,40,10.36,scattered clouds
472,benghazi,LY,32.1167,20.0667,60.82,51,100,10.56,overcast clouds
473,esperance,AU,-33.8667,121.9,69.8,40,75,10.36,broken clouds
474,kununurra,AU,-15.7667,128.7333,91.4,70,60,10.36,broken clouds
475,comodoro rivadavia,AR,-45.8667,-67.5,51.8,87,0,13.51,clear sky
476,siniscola,IT,40.5719,9.6922,51.8,82,0,20.71,clear sky
477,san pedro,PH,14.35,121.0167,88.0,70,75,4.61,broken clouds
478,karratha,AU,-20.7377,116.8463,91.13,46,42,25.32,scattered clouds
479,puerto rondon,CO,6.2805,-71.1,77.13,72,91,5.23,overcast clouds
480,chiredzi,ZW,-21.05,31.6667,66.6,97,30,4.27,scattered clouds
481,guder,ET,8.9667,37.7667,60.12,59,29,3.53,scattered clouds
482,catalina foothills,US,32.2979,-110.9187,48.99,53,1,3.44,clear sky
483,harper,LR,4.375,-7.7169,78.01,88,100,11.3,overcast clouds
484,vila franca do campo,PT,37.7167,-25.4333,59.0,100,75,17.27,broken clouds
485,leua,SK,48.2156,18.6071,48.0,74,100,1.99,overcast clouds
486,hofn,IS,64.2539,-15.2082,35.08,62,100,8.25,snow
487,sertanopolis,BR,-23.0586,-51.0364,77.0,73,0,6.91,clear sky
488,verkhnevilyuysk,RU,63.4453,120.3167,14.67,84,44,9.37,scattered clouds
489,kidal,ML,18.4411,1.4078,65.25,38,33,11.03,scattered clouds
490,knokke-heist,BE,51.3333,3.3333,41.0,87,75,24.16,broken clouds
491,ouegoa,NC,-20.35,164.4333,82.06,67,100,11.74,overcast clouds
492,zheleznodorozhnyy,RU,55.7503,38.0042,30.2,86,90,8.95,snow
493,coahuayana,MX,18.7333,-103.6833,69.46,71,0,2.64,clear sky
494,langsa,ID,4.4683,97.9683,92.71,45,61,2.82,broken clouds
495,puerto leguizamo,CO,-0.1934,-74.7819,72.09,95,100,1.92,overcast clouds
496,talnakh,RU,69.4865,88.3972,-19.8,97,100,11.1,light snow
497,maceio,BR,-9.6658,-35.7353,73.4,94,0,3.44,clear sky
498,pisco,PE,-13.7,-76.2167,72.0,88,20,3.44,few clouds
499,prado,BR,-17.3411,-39.2208,74.61,87,7,3.98,clear sky
500,kuching,MY,1.55,110.3333,84.0,83,40,5.75,scattered clouds
501,agboville,CI,5.928,-4.2132,75.11,94,90,3.96,overcast clouds
502,tadine,NC,-21.55,167.8833,79.38,75,82,16.22,broken clouds
503,kysyl-syr,RU,63.8986,122.7617,12.43,88,96,8.97,overcast clouds
504,samarai,PG,-10.6167,150.6667,84.43,71,99,15.39,overcast clouds
505,warri,NG,5.5167,5.75,78.51,88,100,4.34,overcast clouds
506,san quintin,MX,30.4833,-115.95,54.95,80,1,16.78,clear sky
507,khrebtovaya,RU,56.7032,104.2494,7.05,86,100,13.73,overcast clouds
508,dongying,CN,37.4564,118.4856,61.77,44,48,7.18,scattered clouds
509,praxedis guerrero,MX,31.3667,-106.0167,45.0,36,1,10.36,clear sky
510,korla,CN,41.7597,86.1469,58.33,26,76,4.45,broken clouds
511,talcahuano,CL,-36.7167,-73.1167,55.4,100,90,3.44,overcast clouds
512,armeria,MX,18.9333,-103.9667,69.58,74,0,4.09,clear sky
513,ingham,US,42.6,-84.3833,41.0,45,1,3.44,clear sky
514,camacha,PT,33.0833,-16.3333,59.0,67,75,13.8,broken clouds
515,banda aceh,ID,5.5577,95.3222,86.32,60,38,3.15,scattered clouds
516,natchez,US,31.5604,-91.4032,68.0,73,1,11.5,clear sky
517,kirovsk,UA,48.6375,38.6428,30.04,92,90,8.14,overcast clouds
518,tiarei,PF,-17.5333,-149.3333,87.01,66,40,3.44,scattered clouds
519,sokoni,TZ,-6.4333,39.55,77.0,88,20,0.78,few clouds
520,sur,OM,22.5667,59.5289,85.44,26,0,11.43,clear sky
521,orlik,RU,52.5178,99.825,-1.7,64,84,8.25,broken clouds
522,kaseda,JP,31.4167,130.3167,64.4,39,20,17.27,few clouds
523,la paz,BO,-16.5,-68.15,44.6,81,75,6.91,broken clouds
524,lebedinyy,RU,58.5167,125.5167,14.65,48,100,0.54,overcast clouds
525,benguela,AO,-12.5763,13.4055,79.81,73,100,3.33,overcast clouds
526,hervey bay,AU,-25.2986,152.8535,86.0,58,40,11.5,scattered clouds
527,rudnya,RU,54.947,31.0934,33.37,98,100,15.68,snow
528,vardo,NO,70.3705,31.1107,25.56,90,100,1.61,light snow
529,kajaani,FI,64.2273,27.7285,30.2,93,90,5.75,overcast clouds
530,sheregesh,RU,52.9209,87.9869,14.0,83,48,2.48,scattered clouds
531,lasa,IT,46.6166,10.7002,37.0,100,90,2.3,snow
532,dzheguta,RU,43.9671,42.0426,30.83,73,100,1.05,overcast clouds
533,gat,IL,31.61,34.7642,51.8,82,20,1.14,few clouds
534,dano,BF,11.15,-3.0667,72.07,12,97,5.3,overcast clouds
535,trinidad,BO,-14.8333,-64.9,72.41,92,100,1.7,overcast clouds
536,rocha,UY,-34.4833,-54.3333,55.06,87,0,2.39,clear sky
537,mhango,TZ,-3.2833,32.85,63.34,74,36,3.69,scattered clouds
538,fengkou,CN,30.0833,113.2667,70.93,61,4,10.25,clear sky
539,marica,BR,-22.9194,-42.8186,79.0,88,20,3.44,few clouds
540,laguna,US,38.421,-121.4238,50.0,71,1,10.36,clear sky
541,potosi,BO,-19.5836,-65.7531,42.15,85,98,5.66,overcast clouds
542,luwuk,ID,-0.9516,122.7875,85.42,77,66,2.06,broken clouds
543,pengcheng,CN,36.4311,114.17,61.21,59,54,12.66,broken clouds
544,henties bay,NA,-22.116,14.2845,63.0,95,40,1.01,scattered clouds
545,uthal,PK,25.8072,66.6219,83.5,31,0,3.18,clear sky
546,ilo,PE,-17.6394,-71.3375,71.38,85,28,2.68,scattered clouds
547,nyurba,RU,63.2842,118.3319,14.63,84,80,10.36,broken clouds
548,kathu,TH,7.9178,98.3332,88.0,51,20,10.36,few clouds
549,sabha,LY,27.0377,14.4283,60.96,30,24,8.77,few clouds
550,chumikan,RU,54.7183,135.315,39.31,82,100,14.76,overcast clouds
551,arlit,NE,18.7369,7.3853,68.04,18,47,7.61,scattered clouds
552,yuci,CN,37.6803,112.7319,51.8,62,20,2.24,haze
553,tres palos,MX,18.1833,-101.6167,69.13,66,0,3.53,clear sky
554,kazanka,UA,47.8462,32.8218,37.4,100,90,11.18,fog
555,tessalit,ML,20.1986,1.0114,59.92,56,22,7.27,few clouds
556,barreirinha,BR,-2.7933,-57.07,74.08,96,100,1.9,overcast clouds
557,medicine hat,CA,50.0501,-110.6683,46.99,45,1,14.97,clear sky
558,sosnovo-ozerskoye,RU,52.5249,111.5418,25.79,88,85,17.74,overcast clouds
559,liverpool,GB,53.4106,-2.9779,46.4,87,75,21.85,broken clouds
560,bonthe,SL,7.5264,-12.505,77.81,84,100,4.27,overcast clouds
561,mitake,JP,35.4167,137.1333,57.0,34,0,12.41,clear sky
562,la asuncion,VE,11.0333,-63.8628,77.0,88,95,13.8,overcast clouds
563,tigil,RU,57.8,158.6667,11.77,76,0,16.04,clear sky
564,half moon bay,US,37.4636,-122.4286,48.99,71,90,8.05,overcast clouds
565,labuan,MY,5.2767,115.2417,84.2,74,20,5.75,few clouds
566,mokhsogollokh,RU,61.4681,128.9203,20.28,77,90,8.23,overcast clouds
567,wattegama,LK,6.7989,81.4808,86.0,74,40,13.8,scattered clouds
568,gurh,IN,24.5167,81.5167,86.18,20,0,4.25,clear sky
